{"has_child":1,"home_url":"https:\/\/papayas.softsys.ca","child_file":{"papayas.softsys.ca_wpvivid-62546ab7551bb_2022-04-11-17-51_backup_db.zip":{"dump_db":1,"home_url":"https:\/\/papayas.softsys.ca","file_type":"databases","root_flag":"custom","file":"papayas.softsys.ca_wpvivid-62546ab7551bb_2022-04-11-17-51_backup_db.zip","php_version":"7.4.28","mysql_version":"5.5.5"}},"root_flag":"custom","file":"papayas.softsys.ca_wpvivid-62546ab7551bb_2022-04-11-17-51_backup_all.zip","php_version":"7.4.28","mysql_version":"5.5.5"}